unix,date,symbol,open,high,low,close,Volume BTC,Volume USDT,tradecount
1.62484E+12,6/28/2021 0:00,BTC/USDT,34687.71,34850,34425,34500.11,17734.701,614327746.7,133815
1.62475E+12,6/27/2021 0:00,BTC/USDT,32250.15,34762,31960,34687.71,897147.453,29675701648,7266511
1.62467E+12,6/26/2021 0:00,BTC/USDT,31569.18,32720.52,30120,32255.56,1091384.749,34169368151,8830795
1.62458E+12,6/25/2021 0:00,BTC/USDT,34644.65,35500,31250,31568.07,1093051.375,36220815800,8575198
1.62449E+12,6/24/2021 0:00,BTC/USDT,33650,35406.74,32300,34644.64,774899.165,26142284529,6393985
1.62441E+12,6/23/2021 0:00,BTC/USDT,32496,34867.77,31711.5,33649,960700.369,32385728391,8005763
1.62432E+12,6/22/2021 0:00,BTC/USDT,31606,33274,28780.01,32496,1531824.85,48118035156,12592839
1.62423E+12,6/21/2021 0:00,BTC/USDT,35588.63,35746.28,31250.51,31606,1397330.662,45999742163,11529993
1.62415E+12,6/20/2021 0:00,BTC/USDT,35483.01,36155,33312,35588.64,829896.441,28839255735,6811270
1.62406E+12,6/19/2021 0:00,BTC/USDT,35811.41,36471.8,34704.08,35483,642185.382,22933053074,5504522
1.62397E+12,6/18/2021 0:00,BTC/USDT,38060.71,38198,35100,35811.41,790379.249,29108720481,6722621
1.62389E+12,6/17/2021 0:00,BTC/USDT,38344.97,39565,37334.76,38060.71,603849.861,23274089670,5362882
1.6238E+12,6/16/2021 0:00,BTC/USDT,40132.86,40495,38105,38344.97,673235.496,26431149487,6317711
1.62372E+12,6/15/2021 0:00,BTC/USDT,40489.1,41413,39500,40132.86,632066.994,25426404029,5854306
1.62363E+12,6/14/2021 0:00,BTC/USDT,38993.66,41000,38720,40489.1,704979.881,28043323954,6811137
1.62354E+12,6/13/2021 0:00,BTC/USDT,35535.95,39374.18,34739.06,38993.65,647035.314,23729185500,6085040
1.62346E+12,6/12/2021 0:00,BTC/USDT,37300.41,37432.95,34585.9,35537.05,623532.476,22229082761,5782385
1.62337E+12,6/11/2021 0:00,BTC/USDT,36669.65,37679.54,35900,37300.42,586122.898,21668792471,5557717
1.62328E+12,6/10/2021 0:00,BTC/USDT,37369.99,38489,35750,36669.66,803185.699,29775084408,6960056
1.6232E+12,6/9/2021 0:00,BTC/USDT,33372.58,37511.31,32390,37368.45,1031014.087,36050659489,8470399
1.62311E+12,6/8/2021 0:00,BTC/USDT,33550.97,34061.57,30969,33372.58,976693.026,31912200461,8000201
1.62302E+12,6/7/2021 0:00,BTC/USDT,35801.71,36820,33200,33550.96,636735.873,22666564580,5458401
1.62294E+12,6/6/2021 0:00,BTC/USDT,35497.93,36521.16,35201.86,35801.71,443601.064,15937978041,3944742
1.62285E+12,6/5/2021 0:00,BTC/USDT,36828.03,37900.49,34800,35498.62,631028.448,22946553087,5611429
1.62276E+12,6/4/2021 0:00,BTC/USDT,39247.4,39297.35,35552.51,36828.03,700625.866,25922946607,6025185
1.62268E+12,6/3/2021 0:00,BTC/USDT,37570,39470,37150.15,39247.4,507429.005,19590443295,4505482
1.62259E+12,6/2/2021 0:00,BTC/USDT,36694.37,38232.99,35905,37569.99,441719.806,16479965808,4080217
1.62251E+12,6/1/2021 0:00,BTC/USDT,37244.36,37893.76,35500,36693.41,590822.54,21609364827,5297320
1.62242E+12,5/31/2021 0:00,BTC/USDT,35651.8,37500,34150,37243.38,635082.121,22929964892,5580461
1.62233E+12,5/30/2021 0:00,BTC/USDT,34611.95,36501,33356,35651.81,511834.746,18116421636,4973296
1.62225E+12,5/29/2021 0:00,BTC/USDT,35670.99,37375,33650,34611.94,733902.825,25787790807,7000689
1.62216E+12,5/28/2021 0:00,BTC/USDT,38527.38,38888.35,34689.57,35670.99,832363.425,30299787312,7510187
1.62207E+12,5/27/2021 0:00,BTC/USDT,39224.21,40438.82,37133.22,38527.38,543338.566,21083767719,5251225
1.62199E+12,5/26/2021 0:00,BTC/USDT,38326.84,40900,37804.76,39224.2,577032.81,22649858074,5587876
1.6219E+12,5/25/2021 0:00,BTC/USDT,38783.58,39790.05,36439.32,38326.84,598836.411,22712004629,6334066
1.62181E+12,5/24/2021 0:00,BTC/USDT,34656.53,39917.09,34366,38779.66,707903.071,26315302277,7477510
1.62173E+12,5/23/2021 0:00,BTC/USDT,37436,38261.71,31096.7,34651.6,996815.017,34118866979,11641510
1.62164E+12,5/22/2021 0:00,BTC/USDT,37210.01,38851.34,35201.11,37432.58,588166.784,21993863635,6992444
1.62156E+12,5/21/2021 0:00,BTC/USDT,40500,42270.42,33400,37211.02,930671.747,35509680104,10769140
1.62147E+12,5/20/2021 0:00,BTC/USDT,36689.14,42460,34882,40500.3,775185.113,30672617975,9532573
1.62138E+12,5/19/2021 0:00,BTC/USDT,42882.54,43615.93,28688,36689.14,1373851.849,52959873010,14748747
1.6213E+12,5/18/2021 0:00,BTC/USDT,43565.11,45846.61,42268,42882.53,590358.592,25938880317,5914414
1.62121E+12,5/17/2021 0:00,BTC/USDT,46429.28,46655,42151,43566.18,809129.365,35658317192,8158638
1.62112E+12,5/16/2021 0:00,BTC/USDT,46794.62,49829.39,43866,46429.28,604537.63,28364127432,6085883
1.62104E+12,5/15/2021 0:00,BTC/USDT,49873.26,50709.43,46584.32,46793.41,442023.496,21481317003,4479965
1.62095E+12,5/14/2021 0:00,BTC/USDT,49706.27,51533,48870.41,49873.27,319069.002,16003223042,3217006
1.62086E+12,5/13/2021 0:00,BTC/USDT,49596.75,51358,45596.32,49707.9,652476.689,32261339755,7526904
1.62078E+12,5/12/2021 0:00,BTC/USDT,56712.7,58049.99,48503.74,49595.76,472329.152,25827757900,4959229
1.62069E+12,5/11/2021 0:00,BTC/USDT,55869.41,56908.66,54541.33,56710.43,267226.104,14894271373,2884389
1.6206E+12,5/10/2021 0:00,BTC/USDT,58292.53,59654,53250,55869.67,396237.133,22695249845,4094344
1.62052E+12,5/9/2021 0:00,BTC/USDT,58926.36,59335.19,56316,58292.53,245954.014,14240035981,2634641
1.62043E+12,5/8/2021 0:00,BTC/USDT,57350.89,59590.96,56961.25,58924.98,264906.729,15519326694,2983532
1.62035E+12,5/7/2021 0:00,BTC/USDT,56435.35,58800,55300,57350.88,256159.504,14595837164,2804212
1.62026E+12,5/6/2021 0:00,BTC/USDT,57497.76,58450,55297.91,56435.35,275471.204,15686629190,2863753
1.62017E+12,5/5/2021 0:00,BTC/USDT,53263.32,57940,52880.38,57497.77,317811.705,17803582010,3168133
1.62009E+12,5/4/2021 0:00,BTC/USDT,57214.84,57253.76,53094.59,53263.32,388988.754,21460954657,4022066
1.62E+12,5/3/2021 0:00,BTC/USDT,56630.34,59056.59,56500.65,57214.83,271733.972,15734811253,2777144
1.61991E+12,5/2/2021 0:00,BTC/USDT,57836.35,57959.97,56100,56630.33,203712.515,11572672993,2158896
1.61983E+12,5/1/2021 0:00,BTC/USDT,57688.29,58488.17,57051.23,57836.34,207854.398,12008585818,2169172
1.61974E+12,4/30/2021 0:00,BTC/USDT,53558.57,57935,53043.62,57684.16,294683.751,16384605221,3019948
1.61965E+12,4/29/2021 0:00,BTC/USDT,54861.76,55222.02,52350,53558.8,257045.19,13822718179,2688481
1.61957E+12,4/28/2021 0:00,BTC/USDT,55006.25,56574.13,53852,54861.77,263170.559,14420430888,2888503
1.61948E+12,4/27/2021 0:00,BTC/USDT,53984.34,55500,53225.14,55006.25,225440.361,12306057432,2477387
1.6194E+12,4/26/2021 0:00,BTC/USDT,49063.94,54364.89,48763,53984.33,390494.148,20594394185,4041188
1.61931E+12,4/25/2021 0:00,BTC/USDT,50094.27,50577.9,46930.43,49063.94,310306.501,15286993330,3435937
1.61922E+12,4/24/2021 0:00,BTC/USDT,51122.63,51183.51,48690,50092.4,299663.131,14965045327,3282516
1.61914E+12,4/23/2021 0:00,BTC/USDT,51714.62,52152,47546.16,51122.62,554666.026,27531602634,6054609
1.61905E+12,4/22/2021 0:00,BTC/USDT,53794.72,55470.51,50534.34,51714.61,453489.185,24205456559,4873286
1.61896E+12,4/21/2021 0:00,BTC/USDT,56411.25,56756.78,53610,53800,252601.972,13965417340,2845696
1.61888E+12,4/20/2021 0:00,BTC/USDT,55634.38,57060,53330.82,56410.56,324494.085,17936263516,3582497
1.61879E+12,4/19/2021 0:00,BTC/USDT,56140.05,57532.7,54200,55634.39,285041.716,15980367368,3236025
1.6187E+12,4/18/2021 0:00,BTC/USDT,60090.14,60450,50050,56140.05,522006.276,29025717494,6123918
1.61862E+12,4/17/2021 0:00,BTC/USDT,61424.67,62610,59620,60090.14,194112.299,11862499746,2207548
1.61853E+12,4/16/2021 0:00,BTC/USDT,63232.56,63600,60100,61424.67,255765.893,15740427372,2804338
1.61844E+12,4/15/2021 0:00,BTC/USDT,63018.34,63905.83,62157.89,63232.55,178604.198,11249310340,2024715
1.61836E+12,4/14/2021 0:00,BTC/USDT,63645.05,64986.11,61404,63019.1,323454.88,20512671253,3346550
1.61827E+12,4/13/2021 0:00,BTC/USDT,59911.19,63850,59873.01,63649.71,279389.492,17408986053,2892252
1.61819E+12,4/12/2021 0:00,BTC/USDT,60093.26,61449.91,59500,59911.18,196147.561,11824507198,2141177
1.6181E+12,4/11/2021 0:00,BTC/USDT,59832.43,60816.88,59304.02,60090.2,148499.824,8896497492,1746745
1.61801E+12,4/10/2021 0:00,BTC/USDT,58176.04,61800,57943.95,59832.43,240907.592,14476191585,2568013
1.61793E+12,4/9/2021 0:00,BTC/USDT,58122.93,58950,57700,58176.03,141690.144,8260112161,1631493
1.61784E+12,4/8/2021 0:00,BTC/USDT,56018.17,58200,55759.13,58122.26,161389.858,9238696877,1886407
1.61775E+12,4/7/2021 0:00,BTC/USDT,58060,58720,55536.07,56018.18,265271.707,15106714001,2888669
1.61767E+12,4/6/2021 0:00,BTC/USDT,59243.4,59626.18,57500,58059.99,165562.029,9681501017,1949118
1.61758E+12,4/5/2021 0:00,BTC/USDT,58234.61,59385,56808.94,59243.39,174338.646,10144751892,2011408
1.61749E+12,4/4/2021 0:00,BTC/USDT,57134.65,58553,56517.23,58234.61,152454.122,8785593781,1778714
1.61741E+12,4/3/2021 0:00,BTC/USDT,59028.99,59925,56900,57134.65,198636.171,11672141258,2247303
1.61732E+12,4/2/2021 0:00,BTC/USDT,58797.56,60397.85,58490.03,59031.36,189391.958,11251166315,2130064
1.61724E+12,4/1/2021 0:00,BTC/USDT,58810.99,59592.22,58002,58794.01,196332.114,11561694923,2133428
1.61715E+12,3/31/2021 0:00,BTC/USDT,58794.17,59920,56812,58807.24,337038.349,19776038992,3429371
1.61706E+12,3/30/2021 0:00,BTC/USDT,57676.14,59560,57110,58794.16,232824.065,13629362092,2568718
1.61698E+12,3/29/2021 0:00,BTC/USDT,55804.16,58490.11,54931.15,57677.64,277215.268,15858571873,3043409
1.61689E+12,3/28/2021 0:00,BTC/USDT,55828,56588.31,54694.91,55805.08,200603.768,11188756873,2260517
1.6168E+12,3/27/2021 0:00,BTC/USDT,55030,56658.76,54001,55828,234435.346,12939134316,2589316
1.61672E+12,3/26/2021 0:00,BTC/USDT,51325.21,55123,51260,55030,271957.842,14483003308,2948225
1.61663E+12,3/25/2021 0:00,BTC/USDT,52307.89,53255.2,50452.08,51325.21,416848.091,21627711387,4302154
1.61654E+12,3/24/2021 0:00,BTC/USDT,54400,57234.79,51666,52311.54,394172.526,21637316949,4140709
1.61646E+12,3/23/2021 0:00,BTC/USDT,54129.56,55890.68,52981.4,54400,276199.041,15088688823,3202573
1.61637E+12,3/22/2021 0:00,BTC/USDT,57415.19,58500,53635.81,54129.56,293062.947,16556509290,3557593
1.61628E+12,3/21/2021 0:00,BTC/USDT,58144.44,58638.7,55403.55,57415.18,237518.696,13576194107,2940088
1.6162E+12,3/20/2021 0:00,BTC/USDT,58089.11,59948,57881,58145.61,203680.149,12000524069,2543381
1.61611E+12,3/19/2021 0:00,BTC/USDT,57700.01,59550,56301.27,58089.11,259039.479,15107378224,3136922
1.61603E+12,3/18/2021 0:00,BTC/USDT,58959.01,60510,57072,57700.01,305100.026,17876750421,3505186
1.61594E+12,3/17/2021 0:00,BTC/USDT,56953.23,59078.79,54154.93,58959,339397.712,19076274045,3916228
1.61585E+12,3/16/2021 0:00,BTC/USDT,55646.61,56988,53335,56954.19,339718.202,18756792660,4041818
1.61577E+12,3/15/2021 0:00,BTC/USDT,59037.11,60740,54517.28,55646.61,448820.83,25683051452,4839296
1.61568E+12,3/14/2021 0:00,BTC/USDT,61267.41,61798,59005,59037.12,231991.901,14012489135,2783273
1.61559E+12,3/13/2021 0:00,BTC/USDT,57291.04,61950,56136,61267.41,320322.173,18993462517,3901445
1.61551E+12,3/12/2021 0:00,BTC/USDT,57842.64,58186.33,55074.3,57291.03,335495.042,19043301949,4054963
1.61542E+12,3/11/2021 0:00,BTC/USDT,55949.3,58283,54356.44,57844.52,364681.318,20569039537,4355363
1.61533E+12,3/10/2021 0:00,BTC/USDT,54917.78,57500.92,53061,55947.98,401159.493,22279865577,4457083
1.61525E+12,3/9/2021 0:00,BTC/USDT,52429.43,54950,51880,54917.78,285604.798,15409273884,3312320
1.61516E+12,3/8/2021 0:00,BTC/USDT,50991.35,52450,49310,52429.43,308339.866,15655716339,3279581
1.61508E+12,3/7/2021 0:00,BTC/USDT,48908.21,51480,48908.21,50995.27,248398.116,12500440245,2883079
1.61499E+12,3/6/2021 0:00,BTC/USDT,48772.68,49253.63,47090,48908.21,215092.91,10381734354,2557063
1.6149E+12,3/5/2021 0:00,BTC/USDT,48385.77,49470,46320,48770.57,354602.756,16912469979,3864290
1.61482E+12,3/4/2021 0:00,BTC/USDT,50373.75,51800,47500,48385.77,387428.957,19138827121,4199301
1.61473E+12,3/3/2021 0:00,BTC/USDT,48454.21,52681.51,48110.66,50373.75,350311.234,17795826816,3781970
1.61464E+12,3/2/2021 0:00,BTC/USDT,49594.99,50221.77,47058.06,48450.57,273100.435,13251422043,2970983
1.61456E+12,3/1/2021 0:00,BTC/USDT,45162.64,49800,44972.49,49592.7,315659.931,15061638936,3611436
1.61447E+12,2/28/2021 0:00,BTC/USDT,46097.09,46678,43002.05,45163.36,370358.825,16549302263,4080209
1.61438E+12,2/27/2021 0:00,BTC/USDT,46313.12,48476.05,44926.77,46102.63,256027.074,12038528819,2956397
1.6143E+12,2/26/2021 0:00,BTC/USDT,47087.97,48438.01,44100,46313.13,440670.32,20499678357,4687978
1.61421E+12,2/25/2021 0:00,BTC/USDT,49702.05,52134.96,46685.43,47089.37,349943.016,17447887800,3922104
1.61412E+12,2/24/2021 0:00,BTC/USDT,48930.01,51435.58,47000,49702.03,333415.219,16590055729,3748411
1.61404E+12,2/23/2021 0:00,BTC/USDT,54125.55,54260.12,44893.82,48930,748737.462,36297078765,8009736
1.61395E+12,2/22/2021 0:00,BTC/USDT,57475.5,57591.87,47751.42,54121.1,480660.187,25951996710,4903878
1.61387E+12,2/21/2021 0:00,BTC/USDT,55908.45,58472.14,55564.5,57487.43,196820.573,11254047091,2277504
1.61378E+12,2/20/2021 0:00,BTC/USDT,56005.85,57699,53905,55917.41,240296.308,13529409885,2830372
1.61369E+12,2/19/2021 0:00,BTC/USDT,51612.46,56582,50800,56004.1,257911.872,13784775686,2913704
1.61361E+12,2/18/2021 0:00,BTC/USDT,52194.62,52640,50948,51619.7,185489.89,9627115934,2199927
1.61352E+12,2/17/2021 0:00,BTC/USDT,49197.93,52800,49029.62,52194.62,312007.458,15897490859,3332737
1.61343E+12,2/16/2021 0:00,BTC/USDT,47981.6,50953.44,47101.02,49197.94,343592.011,16865499630,3477742
1.61335E+12,2/15/2021 0:00,BTC/USDT,48655.21,49100,45349.21,47981.58,248960.404,11872149327,2721739
1.61326E+12,2/14/2021 0:00,BTC/USDT,47221.63,49875.16,47093.16,48655.21,241935.666,11797051403,2598883
1.61317E+12,2/13/2021 0:00,BTC/USDT,47364,48290,46252.1,47221.62,199965.397,9438075938,2253613
1.61309E+12,2/12/2021 0:00,BTC/USDT,48060.21,49278.98,46121,47361.03,259186.288,12341281000,2862051
1.613E+12,2/11/2021 0:00,BTC/USDT,44850,48810,44038.97,48060.21,330540.045,15468624716,3326357
1.61292E+12,2/10/2021 0:00,BTC/USDT,46492.53,47475,43770,44850,334979.017,15286260788,3259151
1.61283E+12,2/9/2021 0:00,BTC/USDT,46451.32,48266.36,45057.65,46492.54,381477.426,17820342807,3957333
1.61274E+12,2/8/2021 0:00,BTC/USDT,38849.24,47146,38037,46451.32,440167.093,18769855155,4374347
1.61266E+12,2/7/2021 0:00,BTC/USDT,39249.53,39757.87,37403.27,38849.25,296721.925,11466152233,2896234
1.61257E+12,2/6/2021 0:00,BTC/USDT,38357.17,40992.4,38269,39249.54,310826.315,12369698321,3050313
1.61248E+12,2/5/2021 0:00,BTC/USDT,36975.19,38411.82,36586.68,38362.65,196277.444,7395595525,2144343
1.6124E+12,2/4/2021 0:00,BTC/USDT,37651.92,38833,36233,36976.93,306715.022,11507154016,2825262
1.61231E+12,2/3/2021 0:00,BTC/USDT,35504.07,37700,35410,37652.51,240308.078,8788925455,2331826
1.61222E+12,2/2/2021 0:00,BTC/USDT,33546.08,36041,33450,35504.06,239856.23,8364687573,2345193
1.61214E+12,2/1/2021 0:00,BTC/USDT,33125.11,34720,32322.47,33546.09,240632.325,8121385637,2421173
1.61205E+12,1/31/2021 0:00,BTC/USDT,34284.76,34393.22,32193.04,33126.21,211293.891,7052326919,2233259
1.61196E+12,1/30/2021 0:00,BTC/USDT,34267.04,34988.88,32849.06,34289.85,267861.872,9109013883,2754794
1.61188E+12,1/29/2021 0:00,BTC/USDT,33399.99,38641.1,31960,34269.35,713579.785,25293550972,5920737
1.61179E+12,1/28/2021 0:00,BTC/USDT,30382.96,33778.95,29843.33,33399.75,311528.373,9909261735,2824829
1.61171E+12,1/27/2021 0:00,BTC/USDT,32474.81,32562.2,29240,30381.04,431022.839,13269633441,3665833
1.61162E+12,1/26/2021 0:00,BTC/USDT,32253.68,32950,30810,32474.14,346861.707,11060562208,3088089
1.61153E+12,1/25/2021 0:00,BTC/USDT,32274.88,34880,31921.47,32253.68,316687.524,10588161979,2871028
1.61145E+12,1/24/2021 0:00,BTC/USDT,32086.48,33125.75,30914.2,32275.63,212107.044,6824806447,2205550
1.61136E+12,1/23/2021 0:00,BTC/USDT,32990.08,33495,31405,32086.48,256776.411,8300485557,2533905
1.61127E+12,1/22/2021 0:00,BTC/USDT,30875.77,33831.52,28880,32986.34,453568.538,14265924157,4072699
1.61119E+12,1/21/2021 0:00,BTC/USDT,35499.23,35636.17,30069.9,30879.97,550562.277,17863845664,4767974
1.6111E+12,1/20/2021 0:00,BTC/USDT,35891.74,36461.44,33403,35500,329192.419,11521126166,3069181
1.61101E+12,1/19/2021 0:00,BTC/USDT,36690,37961,35850,35891.03,257889.419,9530202433,2463060
1.61093E+12,1/18/2021 0:00,BTC/USDT,35875.72,37547.94,34808.47,36686.86,253386.703,9167208120,2509593
1.61084E+12,1/17/2021 0:00,BTC/USDT,36025.65,36898,33863.5,35869.83,287686.129,10206002445,2832554
1.61076E+12,1/16/2021 0:00,BTC/USDT,36755.25,38000,35366,36025.66,301102.477,11103654690,3011057
1.61067E+12,1/15/2021 0:00,BTC/USDT,39163.31,39790,34478,36755.24,437610.113,16148530126,4212641
1.61058E+12,1/14/2021 0:00,BTC/USDT,37416.34,40189.39,36764.33,39163.31,353142.386,13663753723,3501513
1.6105E+12,1/13/2021 0:00,BTC/USDT,34065.53,37880,32420,37421.07,398188.088,13803091615,3801367
1.61041E+12,1/12/2021 0:00,BTC/USDT,35406.92,36693.44,32600,34056.9,449065.693,15590695939,4292644
1.61032E+12,1/11/2021 0:00,BTC/USDT,38200.01,38322.18,30448,35408.46,906275.651,30742156595,7483656
1.61024E+12,1/10/2021 0:00,BTC/USDT,40136.05,41412.12,35268,38221.67,436759.048,17027093435,3699058
1.61015E+12,1/9/2021 0:00,BTC/USDT,40638.91,41539.88,38733.28,40136.04,260882.805,10520523013,2489926
1.61006E+12,1/8/2021 0:00,BTC/USDT,39498.32,42125.51,36539.77,40637.23,518080.826,20667265854,4247011
1.60998E+12,1/7/2021 0:00,BTC/USDT,36825.77,40565.62,36337.36,39498.92,520147.908,19955559505,3936708
1.60989E+12,1/6/2021 0:00,BTC/USDT,33999.51,37037.51,33356.46,36823.68,444019.83,15515216052,3343780
1.6098E+12,1/5/2021 0:00,BTC/USDT,32029.55,34500,29900,33999.52,433720.833,13959353459,3077140
1.60972E+12,1/4/2021 0:00,BTC/USDT,33053.93,33653.56,27800,32031.07,506128.023,15879195836,3470951
1.60963E+12,1/3/2021 0:00,BTC/USDT,32198.41,34832.25,32000.02,33054.53,487486.989,16389111412,3325307
1.60955E+12,1/2/2021 0:00,BTC/USDT,29337.15,33480,28958.24,32199.91,545541.08,17122938615,3514545
1.60946E+12,1/1/2021 0:00,BTC/USDT,28948.19,29668.86,28627.12,29337.16,210716.398,6157505024,1511793
1.60937E+12,12/31/2020 0:00,BTC/USDT,28906.99,29376.7,27848,28951.68,313648.835,9030623930,2151517
1.60929E+12,12/30/2020 0:00,BTC/USDT,27402.83,29063.72,27401,28906.99,374737.655,10558400367,2363568
1.6092E+12,12/29/2020 0:00,BTC/USDT,27101.45,27441.73,25913.01,27402.83,260759.449,6956813210,1833178
1.60911E+12,12/28/2020 0:00,BTC/USDT,26301.76,27538.82,26117.1,27102.66,267563.468,7224208282,1946973
1.60903E+12,12/27/2020 0:00,BTC/USDT,26508.84,28459.84,25850,26305.64,540264.148,14678578952,3325654
1.60894E+12,12/26/2020 0:00,BTC/USDT,24729.99,26926,24507.24,26508.83,367265.555,9382122680,2300815
1.60885E+12,12/25/2020 0:00,BTC/USDT,23738.75,24827.64,23450,24730,284523.431,6874550223,1821407
1.60877E+12,12/24/2020 0:00,BTC/USDT,23237.73,23819.81,22700,23737.44,237754.257,5517917922,1532684
1.60868E+12,12/23/2020 0:00,BTC/USDT,23826.74,24235.42,22572.52,23238.27,394754.939,9276578417,2386530
1.6086E+12,12/22/2020 0:00,BTC/USDT,22736.05,23850,22387,23826.99,326124.313,7526843284,1923785
1.60851E+12,12/21/2020 0:00,BTC/USDT,23472.96,24145,21920,22730.1,476456.589,11000495257,2612726
1.60842E+12,12/20/2020 0:00,BTC/USDT,23847.28,24376,23076.25,23472.96,322289.774,7612660738,1951223
1.60834E+12,12/19/2020 0:00,BTC/USDT,23124.35,24281.61,22735.81,23847.28,337535.438,7938307874,1930474
1.60825E+12,12/18/2020 0:00,BTC/USDT,22816.99,23330,22363.94,23124.35,305997.222,7000308999,1812455
1.60816E+12,12/17/2020 0:00,BTC/USDT,21346.81,23888.04,21231.5,22816.99,823435.821,18707295908,4179029
1.60808E+12,12/16/2020 0:00,BTC/USDT,19424.9,21600,19274.55,21346.8,459302.012,9357131524,2298208
1.60799E+12,12/15/2020 0:00,BTC/USDT,19270.71,19598,19039.64,19424.91,248744.054,4809598930,1313847
1.6079E+12,12/14/2020 0:00,BTC/USDT,19175.06,19355.35,19004.72,19270.7,181555.823,3480597165,1063827
1.60782E+12,12/13/2020 0:00,BTC/USDT,18800,19432,18705.46,19175.07,239760.089,4594353525,1182585
1.60773E+12,12/12/2020 0:00,BTC/USDT,18031.71,18950,18012.21,18800,196962.282,3641762063,1080853
1.60764E+12,12/11/2020 0:00,BTC/USDT,18254,18290.44,17555,18031.47,317866.07,5689740184,1563578
1.60756E+12,12/10/2020 0:00,BTC/USDT,18537.97,18550,17916,18253.51,233960.241,4271592591,1241586
1.60747E+12,12/9/2020 0:00,BTC/USDT,18319.33,18639.7,17650,18537.98,353123.689,6424799134,1673883
1.60739E+12,12/8/2020 0:00,BTC/USDT,19172.87,19319.38,18133.33,18319.32,280714.132,5279747287,1351027
1.6073E+12,12/7/2020 0:00,BTC/USDT,19375,19446.36,18908.66,19172.88,169402.371,3249551714,926894
1.60721E+12,12/6/2020 0:00,BTC/USDT,19147.63,19449.1,18855.35,19375.02,176004.606,3370639869,943780
1.60713E+12,12/5/2020 0:00,BTC/USDT,18662.72,19203.46,18510,19147.62,165912.647,3145507861,946103
1.60704E+12,12/4/2020 0:00,BTC/USDT,19432.66,19537.16,18570,18664.2,276271.939,5260370304,1376095
1.60695E+12,12/3/2020 0:00,BTC/USDT,19207.01,19640,18865,19434.3,245020.576,4724323629,1272309
1.60687E+12,12/2/2020 0:00,BTC/USDT,18770.33,19365,18329.58,19207.01,335717.482,6352815849,1606530
1.60678E+12,12/1/2020 0:00,BTC/USDT,19722.09,19956,18050,18772.7,553885.333,10601482195,2558348
1.60669E+12,11/30/2020 0:00,BTC/USDT,18180.43,19944,18178.82,19720,500482.574,9568806967,2089768
1.60661E+12,11/29/2020 0:00,BTC/USDT,17717.74,18343,17523,18181.09,256024.006,4609730542,1125785
1.60652E+12,11/28/2020 0:00,BTC/USDT,17144.11,17880,16865.78,17717.74,268833.749,4666900540,1129925
1.60644E+12,11/27/2020 0:00,BTC/USDT,17155.37,17465,16444.83,17144.1,398072.933,6748491428,1639548
1.60635E+12,11/26/2020 0:00,BTC/USDT,18741.66,18940.69,16181,17155.34,850692.856,14698559977,3571835
1.60626E+12,11/25/2020 0:00,BTC/USDT,19178.53,19554.19,18509.12,18741.67,426276.99,8117262498,1821978
1.60618E+12,11/24/2020 0:00,BTC/USDT,18382.07,19440,18000,19179.64,477968.289,9042446486,2009567
1.60609E+12,11/23/2020 0:00,BTC/USDT,18434.17,18812.65,18013.97,18382.07,364221.378,6718716198,1558298
1.606E+12,11/22/2020 0:00,BTC/USDT,18721.99,18780,17645.98,18435.2,373779.417,6856294688,1611056
1.60592E+12,11/21/2020 0:00,BTC/USDT,18662.85,18986,18302.08,18721.99,342412.49,6408035133,1467289
1.60583E+12,11/20/2020 0:00,BTC/USDT,17811.68,18831.6,17748.92,18664.31,407926.802,7497709363,1699255
1.60574E+12,11/19/2020 0:00,BTC/USDT,17788.32,18200,17347.27,17811.68,406500.977,7243709977,1642647
1.60566E+12,11/18/2020 0:00,BTC/USDT,17670.01,18520,17215.03,17788.32,732937.097,13108477651,2750334
1.60557E+12,11/17/2020 0:00,BTC/USDT,16707,17890.1,16550,17670.01,524094.697,9050160241,2012288
1.60548E+12,11/16/2020 0:00,BTC/USDT,15951.93,16882,15862,16707.07,342459.329,5627638531,1452989
1.6054E+12,11/15/2020 0:00,BTC/USDT,16064.51,16161.23,15768,15952.27,210318.453,3359401680,1160914
1.60531E+12,11/14/2020 0:00,BTC/USDT,16320.54,16326.82,15700,16064.51,266206.937,4251500068,1235238
1.60523E+12,11/13/2020 0:00,BTC/USDT,16289.01,16479.99,15955.6,16320.54,306656.359,4984405299,1405591
1.60514E+12,11/12/2020 0:00,BTC/USDT,15690.24,16345,15437.7,16289.02,471759.126,7523910249,1927371
1.60505E+12,11/11/2020 0:00,BTC/USDT,15294.68,16000,15274.89,15690.24,330772.852,5177231131,1387218
1.60497E+12,11/10/2020 0:00,BTC/USDT,15328.72,15474.17,15071,15294.68,244073.495,3732294398,1109192
1.60488E+12,11/9/2020 0:00,BTC/USDT,15473.2,15869,14822,15328.72,474181.983,7271506166,1801578
1.60479E+12,11/8/2020 0:00,BTC/USDT,14824.33,15678,14710,15473.2,290616.393,4428801811,1188596
1.60471E+12,11/7/2020 0:00,BTC/USDT,15590.95,15774,14350,14824.34,457582.681,6921481478,1783469
1.60462E+12,11/6/2020 0:00,BTC/USDT,15598.74,15984.2,15177,15590.96,559380.06,8719764933,2067927
1.60453E+12,11/5/2020 0:00,BTC/USDT,14134.32,15777,14088.01,15598.75,717489.697,10661964053,2418730
1.60445E+12,11/4/2020 0:00,BTC/USDT,14016.55,14280,13512,14134.31,451433.42,6269163704,1677175
1.60436E+12,11/3/2020 0:00,BTC/USDT,13541.55,14070,13276.33,14016.55,348730.51,4748953992,1303446
1.60428E+12,11/2/2020 0:00,BTC/USDT,13752.87,13823.75,13195,13540.54,327991.768,4433952125,1222326
1.60419E+12,11/1/2020 0:00,BTC/USDT,13783.73,13891.52,13605.9,13752.86,198395.231,2727415104,885249
1.6041E+12,10/31/2020 0:00,BTC/USDT,13549.12,14140,13403.36,13783.73,357853.23,4923864621,1344037
1.60402E+12,10/30/2020 0:00,BTC/USDT,13446.65,13665.65,13100,13549.12,349890.573,4684549159,1245765
1.60393E+12,10/29/2020 0:00,BTC/USDT,13255.79,13637.22,12965,13446.65,355352.336,4735209656,1247634
1.60384E+12,10/28/2020 0:00,BTC/USDT,13629.89,13863,12876,13256.17,476993.789,6377260018,1564676
1.60376E+12,10/27/2020 0:00,BTC/USDT,13047.24,13787.83,13041.3,13629.38,411509.506,5533418977,1299183
1.60367E+12,10/26/2020 0:00,BTC/USDT,13024.21,13240,12729,13047.24,316503.296,4121218763,1105825
1.60358E+12,10/25/2020 0:00,BTC/USDT,13110.88,13369,12715,13023.81,206012.652,2690867876,889235
1.6035E+12,10/24/2020 0:00,BTC/USDT,12925.82,13177.59,12871.07,13110.88,176146.631,2296046389,801400
1.60341E+12,10/23/2020 0:00,BTC/USDT,12970.39,13043,12725.04,12925.82,237042.526,3059965868,897416
1.60332E+12,10/22/2020 0:00,BTC/USDT,12796.06,13188.27,12675.5,12968.87,343851.666,4448237306,1232587
1.60324E+12,10/21/2020 0:00,BTC/USDT,11900.03,13240,11876,12796.07,591963.069,7435850475,1870576
1.60315E+12,10/20/2020 0:00,BTC/USDT,11744.99,12045.78,11673,11900.03,312811.802,3710691439,1059398
1.60307E+12,10/19/2020 0:00,BTC/USDT,11501.5,11830,11404.01,11745,230161.648,2677138465,770332
1.60298E+12,10/18/2020 0:00,BTC/USDT,11356.25,11529.93,11342.54,11501.1,92472.191,1056889046,444193
1.60289E+12,10/17/2020 0:00,BTC/USDT,11319.51,11424.09,11250,11356.25,95892.966,1086838512,459443
1.60281E+12,10/16/2020 0:00,BTC/USDT,11502,11538.92,11175,11318.92,212339.085,2406176539,725825
1.60272E+12,10/15/2020 0:00,BTC/USDT,11417.12,11649.48,11250,11502,215260.399,2455108609,768321
1.60263E+12,10/14/2020 0:00,BTC/USDT,11419.36,11550,11280.5,11417.13,192936.97,2198967088,694620
1.60255E+12,10/13/2020 0:00,BTC/USDT,11530.37,11562,11308,11419.36,199115.115,2276664144,693780
1.60246E+12,10/12/2020 0:00,BTC/USDT,11369.59,11732,11157,11530.36,254217.203,2913019650,781051
1.60237E+12,10/11/2020 0:00,BTC/USDT,11294.78,11450.73,11273.77,11369.59,146323.076,1662984691,587941
1.60229E+12,10/10/2020 0:00,BTC/USDT,11050.46,11494,11050.46,11294.79,199398.012,2259937271,731572
1.6022E+12,10/9/2020 0:00,BTC/USDT,10919.45,11110,10818.44,11050.47,154336.818,1697348174,640685
1.60212E+12,10/8/2020 0:00,BTC/USDT,10658.75,10958,10523,10919.45,207938.861,2236764143,754390
1.60203E+12,10/7/2020 0:00,BTC/USDT,10593.65,10675,10540.29,10658.75,106700.522,1132125131,502888
1.60194E+12,10/6/2020 0:00,BTC/USDT,10784.99,10792,10510.66,10593.65,184895.25,1971152605,699471
1.60186E+12,10/5/2020 0:00,BTC/USDT,10660.16,10792,10608.9,10785,130589.137,1397359153,593867
1.60177E+12,10/4/2020 0:00,BTC/USDT,10537.96,10694,10514,10660.16,90912.105,964435994.4,492034
1.60168E+12,10/3/2020 0:00,BTC/USDT,10565.44,10596,10491.11,10537.96,76315.911,804408980.9,434460
1.6016E+12,10/2/2020 0:00,BTC/USDT,10612.62,10660,10371.03,10565.15,224747.037,2359977989,764820
1.60151E+12,10/1/2020 0:00,BTC/USDT,10773,10935.14,10442,10612.63,253619.622,2711075915,794540
1.60142E+12,9/30/2020 0:00,BTC/USDT,10836.99,10845.99,10660.05,10773,132834.116,1425790132,527339
1.60134E+12,9/29/2020 0:00,BTC/USDT,10691.94,10863.94,10631.49,10836.98,146888.319,1575829645,560608
1.60125E+12,9/28/2020 0:00,BTC/USDT,10768,11024,10627.19,10691.45,187105.377,2031385663,652011
1.60116E+12,9/27/2020 0:00,BTC/USDT,10726.5,10793.5,10584,10768,123440.716,1321161006,540964
1.60108E+12,9/26/2020 0:00,BTC/USDT,10683.5,10827.8,10642.23,10726.5,109340.491,1171569532,553316
1.60099E+12,9/25/2020 0:00,BTC/USDT,10724.91,10754.29,10551.56,10683.51,170930.773,1820637897,658581
1.60091E+12,9/24/2020 0:00,BTC/USDT,10237.91,10837.27,10191,10724.92,241646.573,2535999234,849084
1.60082E+12,9/23/2020 0:00,BTC/USDT,10523.32,10531.94,10132.21,10237.91,203027.542,2106120079,718731
1.60073E+12,9/22/2020 0:00,BTC/USDT,10414.73,10574.08,10353.1,10523.32,179900.686,1881975169,628666
1.60065E+12,9/21/2020 0:00,BTC/USDT,10915.52,10980.69,10281,10414.73,333047.145,3533611851,1017541
1.60056E+12,9/20/2020 0:00,BTC/USDT,11073.2,11073.9,10751,10914.28,150450.562,1639131152,556991
1.60047E+12,9/19/2020 0:00,BTC/USDT,10926.3,11177,10880,11073.74,126239.232,1391945358,537084
1.60039E+12,9/18/2020 0:00,BTC/USDT,10935.97,11035,10810.1,10926.29,136028.351,1484796958,548421
1.6003E+12,9/17/2020 0:00,BTC/USDT,10948.16,11040,10740,10935.33,186484.361,2027994176,658642
1.60021E+12,9/16/2020 0:00,BTC/USDT,10776.88,11089.08,10661.9,10948.17,252881.019,2756781832,840472
1.60013E+12,9/15/2020 0:00,BTC/USDT,10664.1,10923.42,10592,10776.78,247657.23,2669470467,786180
1.60004E+12,9/14/2020 0:00,BTC/USDT,10327.72,10746.06,10241.57,10664.1,205260.236,2162656995,713135
1.59996E+12,9/13/2020 0:00,BTC/USDT,10438.29,10580,10209.01,10327.72,159021.843,1649859123,556241
1.59987E+12,9/12/2020 0:00,BTC/USDT,10387.81,10477.7,10271,10438.28,97429.037,1010752221,438259
1.59978E+12,9/11/2020 0:00,BTC/USDT,10335.91,10397.85,10200.8,10387.81,135929.303,1399304759,541085
1.5997E+12,9/10/2020 0:00,BTC/USDT,10219.29,10484.6,10211.67,10335.91,187667.873,1940858757,688022
1.59961E+12,9/9/2020 0:00,BTC/USDT,10130,10346,9981.13,10219.29,151222.689,1540063640,640882
1.59952E+12,9/8/2020 0:00,BTC/USDT,10379.3,10443.79,9842.01,10129.02,317802.322,3206824299,1173460
1.59944E+12,9/7/2020 0:00,BTC/USDT,10258.13,10420.55,9879.68,10378.76,258476.949,2616187382,969133
1.59935E+12,9/6/2020 0:00,BTC/USDT,10168.23,10348.97,10003,10258.13,190207.654,1939661678,771859
1.59926E+12,9/5/2020 0:00,BTC/USDT,10448,10567.87,9808.58,10168.71,399307.282,4069494000,1315104
1.59918E+12,9/4/2020 0:00,BTC/USDT,10141.4,10635.77,9878.65,10448,432563.841,4473051197,1249839
1.59909E+12,9/3/2020 0:00,BTC/USDT,11396.44,11475,9901.16,10141.08,487812.737,5277899021,1372974
1.599E+12,9/2/2020 0:00,BTC/USDT,11930.17,11961,11156,11396.96,280411.964,3230818460,905753
1.59892E+12,9/1/2020 0:00,BTC/USDT,11658.11,12061.07,11531.34,11930.18,211680.828,2514017351,688502
1.59883E+12,8/31/2020 0:00,BTC/USDT,11714.13,11784.21,11575.78,11658.11,127272.378,1487504145,479728
1.59875E+12,8/30/2020 0:00,BTC/USDT,11466.27,11724.12,11457.88,11714.14,113266.672,1316261373,432138
1.59866E+12,8/29/2020 0:00,BTC/USDT,11526.85,11582,11419.34,11466.66,83715.229,962840624.1,363971
1.59857E+12,8/28/2020 0:00,BTC/USDT,11335.83,11544.88,11283.19,11526.85,129477.627,1481017952,540434
1.59849E+12,8/27/2020 0:00,BTC/USDT,11466.22,11593,11130.82,11335.53,253778.342,2880004202,836864
1.5984E+12,8/26/2020 0:00,BTC/USDT,11327.18,11548.68,11255.95,11466.22,170305.024,1941776560,589715
1.59831E+12,8/25/2020 0:00,BTC/USDT,11753.29,11770,11130,11327.17,267234.771,3057706453,857056
1.59823E+12,8/24/2020 0:00,BTC/USDT,11654,11831.96,11595,11753.3,108781.125,1277174864,483641
1.59814E+12,8/23/2020 0:00,BTC/USDT,11670.48,11724,11522.15,11654,95608.033,1111234523,435619
1.59805E+12,8/22/2020 0:00,BTC/USDT,11538.53,11689.08,11385.06,11670.47,126696.73,1462044717,523937
1.59797E+12,8/21/2020 0:00,BTC/USDT,11858.53,11882.68,11491,11538.53,195106.536,2282701562,736783
1.59788E+12,8/20/2020 0:00,BTC/USDT,11763.88,11888,11676.03,11857.92,130981.044,1544542409,543754
1.5978E+12,8/19/2020 0:00,BTC/USDT,11962.03,12037.05,11574.78,11763.87,313267.066,3688115094,1046341
1.59771E+12,8/18/2020 0:00,BTC/USDT,12298.06,12403,11810,11960.79,291349.888,3529402333,981973
1.59762E+12,8/17/2020 0:00,BTC/USDT,11921.32,12499.42,11780,12298.06,331435.112,4026216925,1161367
1.59754E+12,8/16/2020 0:00,BTC/USDT,11858.91,11945,11688,11921.23,165733.721,1962706567,639729
1.59745E+12,8/15/2020 0:00,BTC/USDT,11767.89,11993.58,11682,11859.04,222262.987,2639621485,785891
1.59736E+12,8/14/2020 0:00,BTC/USDT,11790,11868.42,11644.6,11767.89,159019.959,1869288349,584032
1.59728E+12,8/13/2020 0:00,BTC/USDT,11568.37,11798,11272,11790,248214.725,2865188931,885018
1.59719E+12,8/12/2020 0:00,BTC/USDT,11392.64,11630,11140,11568.36,213799.491,2446503850,757273
1.5971E+12,8/11/2020 0:00,BTC/USDT,11896.86,11944,11127,11392.64,336861.638,3881574731,1084362
1.59702E+12,8/10/2020 0:00,BTC/USDT,11685.99,12100,11384.9,11896.89,290418.014,3447830046,911232
1.59693E+12,8/9/2020 0:00,BTC/USDT,11765.72,11811,11526.9,11685.99,125463.463,1462717951,506961
1.59684E+12,8/8/2020 0:00,BTC/USDT,11596.26,11819,11513.69,11765.72,154707.303,1808155551,578295
1.59676E+12,8/7/2020 0:00,BTC/USDT,11769.97,11920,11318.93,11596.06,273935.127,3191651681,861575
1.59667E+12,8/6/2020 0:00,BTC/USDT,11752.5,11916.02,11571.78,11770.56,236459.595,2782205258,701917
1.59659E+12,8/5/2020 0:00,BTC/USDT,11200.06,11798.56,11103,11752.5,263510.011,3037923803,770746
1.5965E+12,8/4/2020 0:00,BTC/USDT,11227.07,11427.38,11025,11200.05,200044.934,2245992629,628935
1.59641E+12,8/3/2020 0:00,BTC/USDT,11080.7,11483,10923,11227.07,238654.591,2689651527,698614
1.59633E+12,8/2/2020 0:00,BTC/USDT,11811.43,12154.25,10490,11079.72,492803.351,5584559651,1353476
1.59624E+12,8/1/2020 0:00,BTC/USDT,11343.67,11887.45,11201,11811.42,386322.642,4493961579,1058421
1.59615E+12,7/31/2020 0:00,BTC/USDT,11111.97,11450.42,10971.78,11343.68,307399.731,3455848822,843301
1.59607E+12,7/30/2020 0:00,BTC/USDT,11113.01,11195.52,10826.55,11111.96,230327.988,2540930685,705335
1.59598E+12,7/29/2020 0:00,BTC/USDT,10919.94,11364.8,10844.34,11113.03,356188.761,3965422425,1016186
1.59589E+12,7/28/2020 0:00,BTC/USDT,11047.58,11270,10580,10919.94,499486.679,5481417616,1527878
1.59581E+12,7/27/2020 0:00,BTC/USDT,9939.68,11488,9928.61,11047.58,744752.4,7891956950,2085818
1.59572E+12,7/26/2020 0:00,BTC/USDT,9701.54,10300,9655.2,9939.69,261998.786,2598998009,811567
1.59564E+12,7/25/2020 0:00,BTC/USDT,9539.7,9735.1,9526.31,9701.49,133377.589,1284993355,517523
1.59555E+12,7/24/2020 0:00,BTC/USDT,9604.41,9650,9470,9539.7,133975.068,1279232339,531836
1.59546E+12,7/23/2020 0:00,BTC/USDT,9518.25,9678.32,9439.86,9604.41,166990.147,1593882469,566970
1.59538E+12,7/22/2020 0:00,BTC/USDT,9388,9543,9272,9518.25,126598.902,1189260919,417994
1.59529E+12,7/21/2020 0:00,BTC/USDT,9161.28,9439.6,9152.62,9388.01,179211.347,1671206200,515483
1.5952E+12,7/20/2020 0:00,BTC/USDT,9210.68,9221,9131.01,9161.13,72429.691,664469650.8,245657
1.59512E+12,7/19/2020 0:00,BTC/USDT,9171.79,9239.59,9108,9210.51,75554.579,692144095.4,243001
1.59503E+12,7/18/2020 0:00,BTC/USDT,9151.7,9210,9121.98,9171.8,63233.596,579542001.4,206354
1.59494E+12,7/17/2020 0:00,BTC/USDT,9132,9187,9087,9151.69,80940.584,739789769.3,244169
1.59486E+12,7/16/2020 0:00,BTC/USDT,9197.75,9223,9044.02,9132,148089.45,1350809171,402299
1.59477E+12,7/15/2020 0:00,BTC/USDT,9254.17,9272.56,9156,9197.3,104107.708,959516024.2,307679
1.59468E+12,7/14/2020 0:00,BTC/USDT,9241.18,9279,9116,9254.17,129704.278,1194751478,381121
1.5946E+12,7/13/2020 0:00,BTC/USDT,9300.7,9345,9200,9241.2,136117.659,1262652034,407784
1.59451E+12,7/12/2020 0:00,BTC/USDT,9233.5,9349,9155,9300.69,127841.882,1182491577,369869
1.59443E+12,7/11/2020 0:00,BTC/USDT,9288.39,9301.74,9178.91,9233.5,74976.521,692340842.1,268041
1.59434E+12,7/10/2020 0:00,BTC/USDT,9236.29,9317.24,9121.42,9288.39,140849.874,1295681630,418173
1.59425E+12,7/9/2020 0:00,BTC/USDT,9436.08,9440.81,9164.33,9236.28,188355.856,1751622435,526694
1.59417E+12,7/8/2020 0:00,BTC/USDT,9258.51,9470,9233.47,9436.08,170243.001,1594244760,503111
1.59408E+12,7/7/2020 0:00,BTC/USDT,9339.59,9380,9201.23,9258.51,127833.975,1184876084,405928
1.59399E+12,7/6/2020 0:00,BTC/USDT,9071.87,9379,9058.1,9339.6,199643.828,1843703742,543847
1.59391E+12,7/5/2020 0:00,BTC/USDT,9137.18,9146.35,8900,9071.86,139545.566,1261953986,424855
1.59382E+12,7/4/2020 0:00,BTC/USDT,9058.07,9194,9042.84,9137.18,100215.438,913030839.3,300402
1.59373E+12,7/3/2020 0:00,BTC/USDT,9087.72,9124.52,9036.06,9057.52,96947.338,881331916.3,334878
1.59365E+12,7/2/2020 0:00,BTC/USDT,9233.29,9262.99,8936,9087.72,230747.519,2105533922,649904
1.59356E+12,7/1/2020 0:00,BTC/USDT,9138.88,9293,9090,9233.29,161642.185,1487427692,446516
1.59348E+12,6/30/2020 0:00,BTC/USDT,9189.99,9205,9063.97,9138.87,143469.832,1311949156,418034
1.59339E+12,6/29/2020 0:00,BTC/USDT,9114.01,9233,9022,9189.48,176660.525,1610778783,513754
1.5933E+12,6/28/2020 0:00,BTC/USDT,9008,9188,8932.68,9114,153842.891,1395928887,480457
1.59322E+12,6/27/2020 0:00,BTC/USDT,9159.99,9195.75,8816.4,9008,237840.165,2153509215,635966
1.59313E+12,6/26/2020 0:00,BTC/USDT,9246.75,9297.16,9038.52,9159.99,249348.67,2285936801,682581
1.59304E+12,6/25/2020 0:00,BTC/USDT,9298.78,9350.9,9005,9246.75,272566.502,2510788505,724717
1.59296E+12,6/24/2020 0:00,BTC/USDT,9631.65,9678,9210,9298.4,300450.251,2825265495,748649
1.59287E+12,6/23/2020 0:00,BTC/USDT,9686.99,9723.23,9585,9631.66,164673.499,1588083862,432869
1.59278E+12,6/22/2020 0:00,BTC/USDT,9293.39,9795,9273,9686.99,260561.647,2482574354,634767
1.5927E+12,6/21/2020 0:00,BTC/USDT,9353.84,9420.47,9279,9293.51,110599.558,1033976411,316619
1.59261E+12,6/20/2020 0:00,BTC/USDT,9307,9394.29,9165,9354.04,154462.29,1436354409,425349
1.59252E+12,6/19/2020 0:00,BTC/USDT,9381.99,9453,9239,9307,219510.059,2048059719,588538
1.59244E+12,6/18/2020 0:00,BTC/USDT,9458.45,9483.85,9272.41,9381.59,158349.247,1488056321,477815
1.59235E+12,6/17/2020 0:00,BTC/USDT,9519.13,9569,9231.03,9458.45,227477.39,2143290042,623537
1.59227E+12,6/16/2020 0:00,BTC/USDT,9422.01,9595,9370,9519.12,225713.247,2143232283,641488
1.59218E+12,6/15/2020 0:00,BTC/USDT,9339.7,9490.83,8888.43,9422.01,413865.727,3811857668,1088825
1.59209E+12,6/14/2020 0:00,BTC/USDT,9468.55,9477,9240.97,9339.61,143978.523,1350388889,422272
1.59201E+12,6/13/2020 0:00,BTC/USDT,9458.77,9497.85,9340,9468.54,113449.075,1068817694,348090
1.59192E+12,6/12/2020 0:00,BTC/USDT,9277.72,9550,9238,9458.91,211611.34,1992908460,641434
1.59183E+12,6/11/2020 0:00,BTC/USDT,9884.99,9970.1,9055.07,9278.03,404046.613,3862130909,1027558
1.59175E+12,6/10/2020 0:00,BTC/USDT,9771.66,10015.99,9681.21,9884.99,193628.149,1900724588,551989
1.59166E+12,6/9/2020 0:00,BTC/USDT,9778.87,9890,9550.03,9771.66,204422.819,1986584445,553812
1.59157E+12,6/8/2020 0:00,BTC/USDT,9743.92,9816,9631,9778.87,162086.419,1575946981,474606
1.59149E+12,6/7/2020 0:00,BTC/USDT,9664.01,9823.13,9373,9743.92,253986.313,2440468631,695541
1.5914E+12,6/6/2020 0:00,BTC/USDT,9616.64,9738.77,9528,9664,152526.703,1469881938,507355
1.59132E+12,6/5/2020 0:00,BTC/USDT,9788.32,9855,9580.52,9617.29,237103.042,2307020793,674699
1.59123E+12,6/4/2020 0:00,BTC/USDT,9663.58,9884,9440,9788.33,264515.319,2564530031,769445
1.59114E+12,6/3/2020 0:00,BTC/USDT,9514.9,9694.75,9382.33,9663.59,185389.412,1770390771,571997
1.59106E+12,6/2/2020 0:00,BTC/USDT,10232.41,10262.3,9264.15,9514.9,354168.517,3459821279,939395
1.59097E+12,6/1/2020 0:00,BTC/USDT,9446.49,10497.25,9420.85,10232.48,333740.457,3267274408,922467
1.59088E+12,5/31/2020 0:00,BTC/USDT,9694.38,9698,9371.76,9446.43,219829.356,2096318342,676486
1.5908E+12,5/30/2020 0:00,BTC/USDT,9422.11,9753,9326.01,9695,255234.058,2431044087,691896
1.59071E+12,5/29/2020 0:00,BTC/USDT,9569.58,9598,9317.42,9422.26,238691.299,2255365978,627717
1.59062E+12,5/28/2020 0:00,BTC/USDT,9197.32,9621.65,9110.97,9569.59,327412.374,3062477085,801469
1.59054E+12,5/27/2020 0:00,BTC/USDT,8837.88,9230,8811,9197.32,272253.998,2466842797,700725
1.59045E+12,5/26/2020 0:00,BTC/USDT,8895.66,9011.82,8693.18,8837.05,275619.158,2439508067,736181
1.59036E+12,5/25/2020 0:00,BTC/USDT,8711.37,8977,8623.38,8895.65,302980.106,2667337683,775095
1.59028E+12,5/24/2020 0:00,BTC/USDT,9176.32,9294.44,8674,8711.37,339643.378,3070856922,872058
1.59019E+12,5/23/2020 0:00,BTC/USDT,9166.43,9300,9076.9,9176.41,201589.66,1852871138,582528
1.59011E+12,5/22/2020 0:00,BTC/USDT,9060,9259.38,8920,9166.4,276008.073,2515865909,772928
1.59002E+12,5/21/2020 0:00,BTC/USDT,9508,9573,8812.2,9060,461439.193,4241795753,1286185
1.58993E+12,5/20/2020 0:00,BTC/USDT,9772.66,9838,9281.42,9508.11,334423.59,3218411346,920679
1.58985E+12,5/19/2020 0:00,BTC/USDT,9731.11,9900,9462,9773.64,376313.845,3642878349,1062705
1.58976E+12,5/18/2020 0:00,BTC/USDT,9677.31,9958.67,9450,9731.1,363732.37,3533354105,1065425
1.58967E+12,5/17/2020 0:00,BTC/USDT,9374.99,9880,9317.16,9678.57,300859.34,2902728543,973266
1.58959E+12,5/16/2020 0:00,BTC/USDT,9311.21,9585,9210.03,9374.99,287768.201,2705830762,918028
1.5895E+12,5/15/2020 0:00,BTC/USDT,9787.62,9843.5,9100,9310.73,504107.096,4784027639,1399261
1.58941E+12,5/14/2020 0:00,BTC/USDT,9305.91,9950,9250.66,9786.8,602528.438,5798873581,1596856
1.58933E+12,5/13/2020 0:00,BTC/USDT,8808.71,9397,8790.04,9305.91,379719,3445913925,1154539
1.58924E+12,5/12/2020 0:00,BTC/USDT,8560.73,8981,8520.43,8808.71,369716.041,3246499322,1104068
1.58916E+12,5/11/2020 0:00,BTC/USDT,8723.23,9164,8151.12,8561.09,805164.964,7000184962,2107410
1.58907E+12,5/10/2020 0:00,BTC/USDT,9550.25,9580,7940,8719.53,842909.031,7302630277,2157408
1.58898E+12,5/9/2020 0:00,BTC/USDT,9809.63,9923.98,9528.23,9550.67,411941.957,3999406853,1189983
1.5889E+12,5/8/2020 0:00,BTC/USDT,9994.74,10045.03,9726,9807.49,458034.211,4537481798,1342120
1.58881E+12,5/7/2020 0:00,BTC/USDT,9148.29,10080,9022,9995,738920.219,7079465730,2004469
1.58872E+12,5/6/2020 0:00,BTC/USDT,9022.76,9405,8916.01,9148.27,507753.8,4664860084,1337479
1.58864E+12,5/5/2020 0:00,BTC/USDT,8873.99,9118.17,8766.12,9022.78,409920.13,3661156607,1172631
1.58855E+12,5/4/2020 0:00,BTC/USDT,8899.99,8954.94,8526,8873.98,440135.307,3852426972,1272135
1.58846E+12,5/3/2020 0:00,BTC/USDT,8975.18,9200,8727.24,8900,451322.713,4049513026,1308158
1.58838E+12,5/2/2020 0:00,BTC/USDT,8830.52,9020,8755.01,8975.18,295769.728,2627710360,893324
1.58829E+12,5/1/2020 0:00,BTC/USDT,8623.61,9065,8619.84,8830.52,417820.386,3680586288,1303431
1.5882E+12,4/30/2020 0:00,BTC/USDT,8784.05,9479.77,8400,8624.76,944211.711,8437341148,2329118
1.58812E+12,4/29/2020 0:00,BTC/USDT,7735.76,8988.66,7710,8784.2,871197.569,7297189827,2033439
1.58803E+12,4/28/2020 0:00,BTC/USDT,7774,7780,7662.49,7735.75,217652.761,1679915193,588167
1.58795E+12,4/27/2020 0:00,BTC/USDT,7693.63,7795.6,7623.98,7774,290336.169,2236759632,755785
1.58786E+12,4/26/2020 0:00,BTC/USDT,7534.01,7709.57,7476.86,7694.17,269921.936,2052434574,720885
1.58777E+12,4/25/2020 0:00,BTC/USDT,7504.62,7722.33,7433,7534.01,243266.807,1836251609,645606
1.58769E+12,4/24/2020 0:00,BTC/USDT,7483.36,7612.91,7388,7504.11,278378.368,2091451738,808016
1.5876E+12,4/23/2020 0:00,BTC/USDT,7120.06,7802.38,7020,7483.35,472510.047,3475717727,1298970
1.58751E+12,4/22/2020 0:00,BTC/USDT,6838,7154.9,6812.57,7120.06,306482.163,2147460698,926951
1.58743E+12,4/21/2020 0:00,BTC/USDT,6825.28,6940,6759.16,6838,288024.528,1972271577,927606
1.58734E+12,4/20/2020 0:00,BTC/USDT,7118.04,7208.55,6735.95,6825.29,445104.981,3107676568,1327875
1.58725E+12,4/19/2020 0:00,BTC/USDT,7242.49,7258.42,7055,7118.03,216975.114,1550386465,687566
1.58717E+12,4/18/2020 0:00,BTC/USDT,7022,7290,7008.11,7242.42,225807.171,1616702892,665801
1.58708E+12,4/17/2020 0:00,BTC/USDT,7098.15,7140,6981,7022.44,277339.601,1958075005,815405
1.587E+12,4/16/2020 0:00,BTC/USDT,6616.88,7190.92,6465.33,7098.15,559868.603,3869854830,1570129
1.58691E+12,4/15/2020 0:00,BTC/USDT,6864.11,6929,6602.59,6616.89,281136.689,1902882417,978500
1.58682E+12,4/14/2020 0:00,BTC/USDT,6834.01,6975.6,6751,6864.11,280445.427,1926255197,1002761
1.58674E+12,4/13/2020 0:00,BTC/USDT,6900.19,6900.99,6558,6834,421954.773,2840095792,1257602
1.58665E+12,4/12/2020 0:00,BTC/USDT,6874.17,7173.98,6775.66,6900.52,321594.822,2245397130,960439
1.58656E+12,4/11/2020 0:00,BTC/USDT,6858,6944.28,6757.29,6874.18,224157.844,1535701120,703329
1.58648E+12,4/10/2020 0:00,BTC/USDT,7278.83,7290,6741,6857.82,440148.453,3057722781,1366733
1.58639E+12,4/9/2020 0:00,BTC/USDT,7357.15,7365.69,7105.98,7278.65,293638.581,2136691783,844238
1.5863E+12,4/8/2020 0:00,BTC/USDT,7192.9,7417.83,7145.14,7357.66,332599.575,2426530950,1007080
1.58622E+12,4/7/2020 0:00,BTC/USDT,7325.73,7457,7070.43,7192.9,419572.04,3065548692,1075255
1.58613E+12,4/6/2020 0:00,BTC/USDT,6768.9,7370,6760,7325.73,461331.013,3269655314,1279153
1.58604E+12,4/5/2020 0:00,BTC/USDT,6851.4,6893.44,6668.02,6768.9,239224.508,1622119003,698862
1.58596E+12,4/4/2020 0:00,BTC/USDT,6729.8,7020,6629.99,6851.1,319849.757,2168134179,918658
1.58587E+12,4/3/2020 0:00,BTC/USDT,6791.65,7049.11,6600,6729.8,411944.927,2809083862,1074346
1.58579E+12,4/2/2020 0:00,BTC/USDT,6641.22,7290,6542.73,6791.63,531321.428,3604597593,1382876
1.5857E+12,4/1/2020 0:00,BTC/USDT,6407.1,6693,6140,6641.51,390529.602,2470585504,1158799
1.58561E+12,3/31/2020 0:00,BTC/USDT,6389.52,6516.63,6320,6407.1,262522.644,1689175319,790788
1.58553E+12,3/30/2020 0:00,BTC/USDT,5876.27,6606.15,5850,6391.08,387321.998,2435748935,1071219
1.58544E+12,3/29/2020 0:00,BTC/USDT,6231.81,6260,5857.6,5876.27,251335.919,1525085227,695647
1.58535E+12,3/28/2020 0:00,BTC/USDT,6353.64,6354.74,6004,6230.95,341944.185,2120036125,1008455
1.58527E+12,3/27/2020 0:00,BTC/USDT,6733.76,6840,6230,6353.64,258213.519,1715677662,741333
1.58518E+12,3/26/2020 0:00,BTC/USDT,6673.57,6777.5,6500,6733.76,281245.628,1870132449,808889
1.58509E+12,3/25/2020 0:00,BTC/USDT,6740.86,6960.71,6436.26,6673.41,400684.542,2667204859,1046097
1.58501E+12,3/24/2020 0:00,BTC/USDT,6463.21,6840,6369,6741.33,437968.553,2903592539,1114257
1.58492E+12,3/23/2020 0:00,BTC/USDT,5810.3,6619.9,5670,6463.84,489746.087,3012248579,1193611
1.58484E+12,3/22/2020 0:00,BTC/USDT,6183.84,6408.91,5730.35,5810.17,391002.795,2379970465,1072425
1.58475E+12,3/21/2020 0:00,BTC/USDT,6204.47,6457.17,5854.01,6183.69,387679.649,2387762770,986672
1.58466E+12,3/20/2020 0:00,BTC/USDT,6159.41,6911,5650,6203.77,571898.016,3643186060,1274738
1.58458E+12,3/19/2020 0:00,BTC/USDT,5389.94,6400,5246.5,6159.6,499391.19,2922169779,1105378
1.58449E+12,3/18/2020 0:00,BTC/USDT,5306.42,5435,4982.75,5389.64,402005.703,2108477121,915737
1.5844E+12,3/17/2020 0:00,BTC/USDT,5027.11,5529.98,4913.49,5307.38,429908.098,2271134947,1054231
1.58432E+12,3/16/2020 0:00,BTC/USDT,5354.81,5361.26,4413.62,5026.26,621555.792,3043134893,1445469
1.58423E+12,3/15/2020 0:00,BTC/USDT,5167.21,5954.47,5089.12,5357.32,356311.765,1916062699,806813
1.58414E+12,3/14/2020 0:00,BTC/USDT,5569.84,5638.42,5040,5167.01,316242.586,1697439879,778184
1.58406E+12,3/13/2020 0:00,BTC/USDT,4762.28,5971,3621.81,5570.26,935489.242,4777193239,2491958
1.58397E+12,3/12/2020 0:00,BTC/USDT,7938.39,7969,4347,4764.65,784747.02,4935684191,1559176
1.58388E+12,3/11/2020 0:00,BTC/USDT,7898.21,7988,7593.29,7938.39,220537.381,1724800754,401429
1.5838E+12,3/10/2020 0:00,BTC/USDT,7932.45,8156.31,7733,7897.66,257068.702,2044527825,480453
1.58371E+12,3/9/2020 0:00,BTC/USDT,8038.99,8182.31,7635.21,7932.15,334399.107,2627368283,630254
1.58363E+12,3/8/2020 0:00,BTC/USDT,8895.62,8897.71,7997.7,8038.46,237407.028,2003492669,443337
1.58354E+12,3/7/2020 0:00,BTC/USDT,9139.77,9204,8850,8897.18,125804.999,1135455550,240352
1.58345E+12,3/6/2020 0:00,BTC/USDT,9062.62,9179.75,8994.14,9139.48,115011.583,1045435230,226911
1.58337E+12,3/5/2020 0:00,BTC/USDT,8755.98,9172.3,8755.98,9062.81,161840.623,1458350449,305604
1.58328E+12,3/4/2020 0:00,BTC/USDT,8765,8853.88,8669.23,8756.93,105462.12,923600039.9,219177
1.58319E+12,3/3/2020 0:00,BTC/USDT,8919.7,8922.34,8657.41,8765,160123.605,1406716869,331015
1.58311E+12,3/2/2020 0:00,BTC/USDT,8537.84,8972,8504.95,8919.7,160294.484,1405207929,330286
1.58302E+12,3/1/2020 0:00,BTC/USDT,8532.5,8762.24,8409,8537.84,174332.916,1494294629,346326
1.58293E+12,2/29/2020 0:00,BTC/USDT,8699.86,8799.83,8530,8531.98,103524.685,898160923.8,217411
1.58285E+12,2/28/2020 0:00,BTC/USDT,8827.12,8908.86,8450,8699.57,196066.11,1698656157,479621
1.58276E+12,2/27/2020 0:00,BTC/USDT,8793.96,8978,8533.9,8828,200638.488,1763578868,447761
1.58268E+12,2/26/2020 0:00,BTC/USDT,9326,9384,8610,8792.22,267005.172,2409004405,594555
1.58259E+12,2/25/2020 0:00,BTC/USDT,9662.88,9686.78,9247,9326,168641.725,1596316069,370353
1.5825E+12,2/24/2020 0:00,BTC/USDT,9943.12,10000,9487.38,9662.95,157965.671,1535789025,357670
1.58242E+12,2/23/2020 0:00,BTC/USDT,9658.95,10018.9,9657,9943.12,97134.358,959596142.4,229104
1.58233E+12,2/22/2020 0:00,BTC/USDT,9681.39,9710.7,9565,9659.2,58419.547,563688224.3,137989
1.58224E+12,2/21/2020 0:00,BTC/USDT,9601.51,9759.59,9547,9681.39,98954.288,957995037.6,222939
1.58216E+12,2/20/2020 0:00,BTC/USDT,9593.31,9700,9382.59,9601.99,143105.587,1370467343,340441
1.58207E+12,2/19/2020 0:00,BTC/USDT,10174.53,10286,9293.07,9593.65,187495.927,1861820033,442535
1.58198E+12,2/18/2020 0:00,BTC/USDT,9716,10270,9598,10174.32,166119.369,1642320614,398826
1.5819E+12,2/17/2020 0:00,BTC/USDT,9921.87,9971,9461.89,9716,185338.179,1795989784,399493
1.58181E+12,2/16/2020 0:00,BTC/USDT,9914.31,10060.45,9626.64,9921.86,141547.956,1398906975,321449
1.58172E+12,2/15/2020 0:00,BTC/USDT,10356.27,10389.75,9752.3,9914.99,152146.127,1533600988,325934
1.58164E+12,2/14/2020 0:00,BTC/USDT,10240.02,10390,10123.37,10356.82,130975.746,1345001966,267110
1.58155E+12,2/13/2020 0:00,BTC/USDT,10339.64,10540,10101,10239.63,213052.717,2192034973,454247
1.58147E+12,2/12/2020 0:00,BTC/USDT,10230.74,10479.98,10229.71,10339.99,159674.258,1650500848,336615
1.58138E+12,2/11/2020 0:00,BTC/USDT,9865.56,10409.96,9729.36,10229.06,190119.815,1906183205,381836
1.58129E+12,2/10/2020 0:00,BTC/USDT,10167.37,10213.56,9750,9865.56,184242.737,1831546625,333889
1.58121E+12,2/9/2020 0:00,BTC/USDT,9906.09,10184.34,9892.15,10167.38,143407.013,1446593332,270733
1.58112E+12,2/8/2020 0:00,BTC/USDT,9821.52,9956,9680.55,9906.43,129267.269,1270369231,238583
1.58103E+12,2/7/2020 0:00,BTC/USDT,9777.97,9900,9736.66,9821.52,129740.767,1272175091,244078
1.58095E+12,2/6/2020 0:00,BTC/USDT,9630,9884,9550,9778.12,200556.367,1950865329,366953
1.58086E+12,2/5/2020 0:00,BTC/USDT,9198.32,9799.08,9179.88,9630,212311.697,2014987376,387332
1.58077E+12,2/4/2020 0:00,BTC/USDT,9300.63,9368,9105,9198.35,147843.902,1363688333,282503
1.58069E+12,2/3/2020 0:00,BTC/USDT,9340.49,9647.61,9250,9300.64,159049.385,1491076834,313233
1.5806E+12,2/2/2020 0:00,BTC/USDT,9392.99,9489.92,9160.01,9338.2,148402.977,1391948767,285872
1.58052E+12,2/1/2020 0:00,BTC/USDT,9364.5,9477.76,9306,9392.74,109040.285,1024210863,229569
1.58043E+12,1/31/2020 0:00,BTC/USDT,9525.67,9550.72,9220,9364.51,146644.026,1373298968,266727
1.58034E+12,1/30/2020 0:00,BTC/USDT,9311.23,9599,9210.42,9525.67,190137.536,1789181440,393732
1.58026E+12,1/29/2020 0:00,BTC/USDT,9399.72,9460.52,9242,9311,169460.643,1584974428,338155
1.58017E+12,1/28/2020 0:00,BTC/USDT,8913.61,9436.06,8905,9398.98,244467.546,2222778105,455985
1.58008E+12,1/27/2020 0:00,BTC/USDT,8611.21,9015.48,8565,8913.61,172235.328,1511064611,359034
1.58E+12,1/26/2020 0:00,BTC/USDT,8344.37,8624.45,8300,8611.21,117898.916,999306483.1,218347
1.57991E+12,1/25/2020 0:00,BTC/USDT,8442.82,8455,8272,8344.64,96961.714,809079683.3,186872
1.57982E+12,1/24/2020 0:00,BTC/USDT,8410,8528,8247,8441.96,144785.391,1217077352,316370
1.57974E+12,1/23/2020 0:00,BTC/USDT,8684.47,8694,8326,8409.6,163407.064,1383035383,335447
1.57965E+12,1/22/2020 0:00,BTC/USDT,8742.78,8820,8585.85,8684.57,94305.496,819676430.9,180455
1.57956E+12,1/21/2020 0:00,BTC/USDT,8650,8790.1,8448.6,8742.43,107577.153,931932876.5,200875
1.57948E+12,1/20/2020 0:00,BTC/USDT,8705.98,8750.37,8526.06,8650,125161.675,1083263125,240897
1.57939E+12,1/19/2020 0:00,BTC/USDT,8925,9205.3,8440.91,8705.85,225314.525,1990403744,444795
1.57931E+12,1/18/2020 0:00,BTC/USDT,8918.73,8995,8816,8925,114708.682,1021654832,220520
1.57922E+12,1/17/2020 0:00,BTC/USDT,8724.99,9039,8680,8918.72,205717.686,1827760141,390463
1.57913E+12,1/16/2020 0:00,BTC/USDT,8825.35,8868.21,8596.25,8725.08,167958.963,1460649456,294579
1.57905E+12,1/15/2020 0:00,BTC/USDT,8825,8921.2,8570.52,8825.3,237633.837,2084078908,435491
1.57896E+12,1/14/2020 0:00,BTC/USDT,8112.99,8893,8109.02,8825,290777.981,2496741836,652920
1.57887E+12,1/13/2020 0:00,BTC/USDT,8186.22,8200,8053.78,8113,74581.364,604921759.1,184440
1.57879E+12,1/12/2020 0:00,BTC/USDT,8020.58,8195,7956.28,8186.7,108629.964,881428055.7,243290
1.5787E+12,1/11/2020 0:00,BTC/USDT,8207.2,8292.19,8003.87,8020.56,164741.715,1338581054,354690
1.57861E+12,1/10/2020 0:00,BTC/USDT,7817.91,8210.62,7670,8207.09,253783.948,2013738850,542054
1.57853E+12,1/9/2020 0:00,BTC/USDT,8059.77,8060,7750.01,7818.59,187263.143,1478591346,362420
1.57844E+12,1/8/2020 0:00,BTC/USDT,8150.9,8468.42,7870.11,8059.84,321225.114,2644782836,650971
1.57836E+12,1/7/2020 0:00,BTC/USDT,7757.74,8215.33,7733,8152.49,280809.162,2233372067,526402
1.57827E+12,1/6/2020 0:00,BTC/USDT,7354.36,7808.65,7345,7757.39,168150.317,1272203777,323625
1.57818E+12,1/5/2020 0:00,BTC/USDT,7350.54,7495,7303,7354.36,117765.972,874488521.4,238905
1.5781E+12,1/4/2020 0:00,BTC/USDT,7341.6,7400,7269.21,7350.71,92586.033,678402363.7,186349
1.57801E+12,1/3/2020 0:00,BTC/USDT,6962.34,7407.28,6863.44,7341.72,208493.458,1507313613,409820
1.57792E+12,1/2/2020 0:00,BTC/USDT,7197.57,7209.59,6922,6962.04,115295.677,815627831.1,224747
1.57784E+12,1/1/2020 0:00,BTC/USDT,7189.43,7260.43,7170.15,7197.57,56801.329,409678760.6,101871
1.57775E+12,12/31/2019 0:00,BTC/USDT,7240.8,7319,7141,7189,89203.437,643792056.6,157014
1.57766E+12,12/30/2019 0:00,BTC/USDT,7383.68,7400,7215.58,7240.43,94375.362,689435672.2,174925
1.57758E+12,12/29/2019 0:00,BTC/USDT,7310.29,7527,7283.6,7383.67,102543.974,756943061.5,186571
1.57749E+12,12/28/2019 0:00,BTC/USDT,7248.4,7359.15,7235,7311.48,91292.882,667101749.4,156362
1.5774E+12,12/27/2019 0:00,BTC/USDT,7197.84,7270,7078.89,7248.4,112284.61,808407623.1,211189
1.57732E+12,12/26/2019 0:00,BTC/USDT,7201.67,7438.8,7151,7197.46,133973.533,973097296.8,246938
1.57723E+12,12/25/2019 0:00,BTC/USDT,7251.57,7267.63,7123.19,7201.45,96965.072,699094669.9,174360
1.57715E+12,12/24/2019 0:00,BTC/USDT,7314.03,7434.55,7156.08,7252.04,149081.004,1087303263,279760
1.57706E+12,12/23/2019 0:00,BTC/USDT,7502.92,7691,7262,7314.01,215298.787,1615203185,431464
1.57697E+12,12/22/2019 0:00,BTC/USDT,7131.02,7517.61,7122,7502.92,129797.395,948741532.6,278563
1.57689E+12,12/21/2019 0:00,BTC/USDT,7184.39,7185,7108,7131.01,44340.865,316691491.6,99594
1.5768E+12,12/20/2019 0:00,BTC/USDT,7146.29,7217.08,7078.17,7184.39,86449.566,618061855.5,179313
1.57671E+12,12/19/2019 0:00,BTC/USDT,7278.11,7367.87,7042.82,7146.29,158849.566,1136320674,323697
1.57663E+12,12/18/2019 0:00,BTC/USDT,6618.96,7479.99,6427,7277.44,328489.593,2241615062,675369
1.57654E+12,12/17/2019 0:00,BTC/USDT,6887.48,6940,6550,6618.96,166411.289,1119916914,348899
1.57645E+12,12/16/2019 0:00,BTC/USDT,7115.45,7147.34,6831,6887.54,117597.89,823110567.2,249488
1.57637E+12,12/15/2019 0:00,BTC/USDT,7060.79,7196,7004.77,7115,87933.233,623906287.2,180924
1.57628E+12,12/14/2019 0:00,BTC/USDT,7252.98,7266.14,7007.86,7061.34,97837.512,697707778.2,236813
1.5762E+12,12/13/2019 0:00,BTC/USDT,7194.08,7298,7190,7252.98,80178.833,580009722,187255
1.57611E+12,12/12/2019 0:00,BTC/USDT,7206.78,7295.12,7080,7194.77,140594.105,1009269924,304604
1.57602E+12,12/11/2019 0:00,BTC/USDT,7220.92,7267,7117.74,7205.77,97320.727,701421428,224496
1.57594E+12,12/10/2019 0:00,BTC/USDT,7338.2,7403.71,7152,7220.98,126662.794,923135831.9,294099
1.57585E+12,12/9/2019 0:00,BTC/USDT,7507.87,7676.48,7269.05,7337.49,136440.176,1017059788,349478
1.57576E+12,12/8/2019 0:00,BTC/USDT,7487.19,7559.39,7376,7508.2,84380.338,631265923.9,218684
1.57568E+12,12/7/2019 0:00,BTC/USDT,7521.13,7616.91,7467.44,7487.2,83208.782,625725539.4,223129
1.57559E+12,12/6/2019 0:00,BTC/USDT,7384.66,7602.44,7295.73,7522.1,136218.707,1009056960,367352
1.5755E+12,12/5/2019 0:00,BTC/USDT,7189.42,7480,7142.54,7384.99,176315.108,1291358111,446089
1.57542E+12,12/4/2019 0:00,BTC/USDT,7290.85,7800,7070,7191,274879.481,2010415074,593445
1.57533E+12,12/3/2019 0:00,BTC/USDT,7291.74,7404.42,7231.35,7290.86,84699.47,618921233,233130
1.57524E+12,12/2/2019 0:00,BTC/USDT,7388,7416.75,7137.74,7291,143966.953,1049763091,370901
1.57516E+12,12/1/2019 0:00,BTC/USDT,7541.08,7541.08,7222.29,7387.38,196291.252,1442570909,500459
1.57507E+12,11/30/2019 0:00,BTC/USDT,7737.23,7800,7444.18,7542.93,141966.392,1081497212,362290
1.57499E+12,11/29/2019 0:00,BTC/USDT,7417,7850,7394.57,7736.66,185819.186,1415257728,481870
1.5749E+12,11/28/2019 0:00,BTC/USDT,7506.78,7643,7356,7415.79,175000.609,1314201480,439167
1.57481E+12,11/27/2019 0:00,BTC/USDT,7149.97,7669.2,6850,7506.77,297842.994,2162938473,787562
1.57473E+12,11/26/2019 0:00,BTC/USDT,7103.34,7340.06,7011.9,7150,193962.094,1384559258,525112
1.57464E+12,11/25/2019 0:00,BTC/USDT,6899.77,7386.29,6510.19,7102.03,333987.914,2320368143,926856
1.57455E+12,11/24/2019 0:00,BTC/USDT,7306.19,7324.92,6855.91,6900.86,183676.078,1303419525,504021
1.57447E+12,11/23/2019 0:00,BTC/USDT,7261.89,7345.84,7073.38,7305.99,139643.311,1008592734,378359
1.57438E+12,11/22/2019 0:00,BTC/USDT,7621.89,7765.03,6762.73,7262.72,371213.951,2688155961,999166
1.57429E+12,11/21/2019 0:00,BTC/USDT,8094.57,8131.51,7432,7621.9,180289.189,1400628627,412277
1.57421E+12,11/20/2019 0:00,BTC/USDT,8131.12,8230,8037.5,8094.05,87352.38,708540147,241974
1.57412E+12,11/19/2019 0:00,BTC/USDT,8183.3,8212.87,8000,8131.7,110854.03,898778770.9,294385
1.57404E+12,11/18/2019 0:00,BTC/USDT,8504.13,8504.71,8050,8183.26,123477.142,1028202470,363313
1.57395E+12,11/17/2019 0:00,BTC/USDT,8491.18,8631,8355.78,8504.04,72152.266,614653043.3,215149
1.57386E+12,11/16/2019 0:00,BTC/USDT,8473.3,8540.54,8435,8491.06,48657.04,412710046.7,152747
1.57378E+12,11/15/2019 0:00,BTC/USDT,8642.47,8780,8380,8473.27,145602.497,1246865100,368156
1.57369E+12,11/14/2019 0:00,BTC/USDT,8774.78,8798.06,8581.39,8642.25,87099.995,754801551.1,225625
1.5736E+12,11/13/2019 0:00,BTC/USDT,8817.94,8838,8712,8774.76,58585.811,513537401.1,163995
1.57352E+12,11/12/2019 0:00,BTC/USDT,8729.89,8889.06,8552.12,8817,107520.546,938793147,287214
1.57343E+12,11/11/2019 0:00,BTC/USDT,9041.31,9072.91,8611.11,8728.93,113373.762,996043073.2,324917
1.57334E+12,11/10/2019 0:00,BTC/USDT,8811.3,9187,8760,9041.31,91099.197,814629855.8,245197
1.57326E+12,11/9/2019 0:00,BTC/USDT,8775.6,8878,8727,8811.15,66846.392,588949194.3,183364
1.57317E+12,11/8/2019 0:00,BTC/USDT,9221.63,9259.3,8669.85,8775.03,151851.16,1355101394,319405
1.57308E+12,11/7/2019 0:00,BTC/USDT,9344.29,9381.93,9091.2,9219.64,77389.569,714933248.8,178691
1.573E+12,11/6/2019 0:00,BTC/USDT,9313.1,9450,9259.48,9343.6,73767.911,689203217.4,190226
1.57291E+12,11/5/2019 0:00,BTC/USDT,9395.47,9457.13,9164.33,9313.2,113738.226,1060847258,276198
1.57283E+12,11/4/2019 0:00,BTC/USDT,9197.86,9550,9126.01,9395.46,90433.357,841596521.3,248571
1.57274E+12,11/3/2019 0:00,BTC/USDT,9288.96,9366.69,9073,9197.88,75612.722,695623695.1,257133
1.57265E+12,11/2/2019 0:00,BTC/USDT,9231.7,9375,9194.98,9287.8,56602.055,524748680.1,163182
1.57257E+12,11/1/2019 0:00,BTC/USDT,9149.88,9280,9050.27,9231.01,87256.949,798942104.7,237247
1.57248E+12,10/31/2019 0:00,BTC/USDT,9163.4,9438.64,8933,9150,98836.044,907028492.4,247658
1.57239E+12,10/30/2019 0:00,BTC/USDT,9415.02,9418.65,8975.72,9165.3,98464.858,904505541,233836
1.57231E+12,10/29/2019 0:00,BTC/USDT,9215.78,9569.1,9070,9415.02,124703.014,1169427308,242823
1.57222E+12,10/28/2019 0:00,BTC/USDT,9534.37,9930.13,9156.03,9217.36,155599.975,1475693085,279048
1.57213E+12,10/27/2019 0:00,BTC/USDT,9234.75,9803.83,9066.07,9533.32,163544.019,1551811193,309972
1.57205E+12,10/26/2019 0:00,BTC/USDT,8650,10408.48,8626.89,9232.22,248161.161,2322814046,503375
1.57196E+12,10/25/2019 0:00,BTC/USDT,7410.07,8800,7359,8650,165118.926,1351037936,322189
1.57188E+12,10/24/2019 0:00,BTC/USDT,7465.18,7495.81,7337.44,7411.35,66719.534,495690565.1,111756
1.57179E+12,10/23/2019 0:00,BTC/USDT,8020.68,8047.78,7172.76,7465,108484.139,828695587.2,202487
1.5717E+12,10/22/2019 0:00,BTC/USDT,8201,8290,8000,8020.89,69506.88,568694788.5,115709
1.57162E+12,10/21/2019 0:00,BTC/USDT,8218.23,8334.57,8150,8201.74,59928.516,492366045.4,100497
1.57153E+12,10/20/2019 0:00,BTC/USDT,7947.78,8300.5,7871.17,8218.23,78663.915,631533255.8,120205
1.57144E+12,10/19/2019 0:00,BTC/USDT,7945.57,8108.54,7852.12,7947.13,78024.395,620945265.2,98068
1.57136E+12,10/18/2019 0:00,BTC/USDT,8069.41,8117.3,7812,7943.94,75251.352,597673590.5,102381
1.57127E+12,10/17/2019 0:00,BTC/USDT,7994.76,8124.63,7930,8069.2,58354.602,468701652,80845
1.57118E+12,10/16/2019 0:00,BTC/USDT,8160.55,8184,7900.24,7992.21,70434.452,566811841.9,90317
1.5711E+12,10/15/2019 0:00,BTC/USDT,8346.31,8408.62,8080,8160.01,86246.749,711597427.7,97630
1.57101E+12,10/14/2019 0:00,BTC/USDT,8274.33,8381.77,8205.02,8346.05,61999.821,514903627.2,93034
1.57092E+12,10/13/2019 0:00,BTC/USDT,8300.31,8456,8137.3,8274.66,43820.913,365285901.8,80857
1.57084E+12,10/12/2019 0:00,BTC/USDT,8255.54,8397.45,8248.34,8300.22,37761.514,314379330.8,68373
1.57075E+12,10/11/2019 0:00,BTC/USDT,8557,8788,8210,8255.58,69157.964,582172642.9,116971
1.57067E+12,10/10/2019 0:00,BTC/USDT,8559.77,8640.89,8419.34,8556.02,44285.668,377726959.9,83861
1.57058E+12,10/9/2019 0:00,BTC/USDT,8168.33,8700,8113,8559.77,65453.643,549731852.7,114326
1.57049E+12,10/8/2019 0:00,BTC/USDT,8188.55,8322.01,8103.88,8167.62,44715.165,366576763.2,82468
1.57041E+12,10/7/2019 0:00,BTC/USDT,7851.01,8330,7764.42,8186.88,62760.299,504822438.8,115400
1.57032E+12,10/6/2019 0:00,BTC/USDT,8122.01,8148.43,7760,7852.79,41909.039,333155725,94844
1.57023E+12,10/5/2019 0:00,BTC/USDT,8130,8175,8010,8122.14,30262.006,244744089.1,69791
1.57015E+12,10/4/2019 0:00,BTC/USDT,8219.95,8227.42,7979.95,8130.56,28421.111,230978393.3,74683
1.57006E+12,10/3/2019 0:00,BTC/USDT,8353.4,8386,8020,8220.27,33430.23,274334928.4,82221
1.56997E+12,10/2/2019 0:00,BTC/USDT,8290,8365.92,8149.35,8352.14,30329.179,249785989.1,71452
1.56989E+12,10/1/2019 0:00,BTC/USDT,8285.31,8499,8171,8290,39212.804,327218811.6,92166
1.5698E+12,9/30/2019 0:00,BTC/USDT,8042.08,8331.89,7709.01,8285.84,54412.52,436701925.2,107329
1.56972E+12,9/29/2019 0:00,BTC/USDT,8199,8226.35,7888.98,8041.96,35966.056,289320913.7,78128
1.56963E+12,9/28/2019 0:00,BTC/USDT,8178.26,8311,8001.14,8195.38,33820.919,275406180.4,69220
1.56954E+12,9/27/2019 0:00,BTC/USDT,8061.98,8260,7851.94,8176.52,40034.653,321440849.1,80396
1.56946E+12,9/26/2019 0:00,BTC/USDT,8428.15,8464.4,7700.67,8060.15,60065.945,487919029.6,110581
1.56937E+12,9/25/2019 0:00,BTC/USDT,8493.32,8725.24,8200,8430.07,48222.102,406841550.2,85707
1.56928E+12,9/24/2019 0:00,BTC/USDT,8683.2,9792.83,8645.61,8645.61,29758.535,286175252.4,46730
1.5692E+12,9/23/2019 0:00,BTC/USDT,10027.69,10046.91,9620,9701.96,31927.062,314749491.6,42190
1.56911E+12,9/22/2019 0:00,BTC/USDT,9992.7,10089.52,9857,10023.04,23916.354,238688620.3,33401
1.56902E+12,9/21/2019 0:00,BTC/USDT,10166.56,10175.3,9912.63,9983.33,23642.387,237320660.3,32670
1.56894E+12,9/20/2019 0:00,BTC/USDT,10247.7,10279.3,10070.5,10166.35,23265.91,236683803.7,31054
1.56885E+12,9/19/2019 0:00,BTC/USDT,10154.7,10331.62,9530.02,10245.3,26228.754,262112110,41871
1.56876E+12,9/18/2019 0:00,BTC/USDT,10183.87,10256.65,10097.92,10155.16,20832.895,212309755,30799
1.56868E+12,9/17/2019 0:00,BTC/USDT,10257.3,10270.63,10136.77,10186.52,22519.607,229911548.2,31535
1.56859E+12,9/16/2019 0:00,BTC/USDT,10302,10353.81,10080.7,10249.27,20185.637,206767492.7,31837
1.56851E+12,9/15/2019 0:00,BTC/USDT,10333.47,10359.2,10024.81,10302.22,20536.255,211512546,25912
1.56842E+12,9/14/2019 0:00,BTC/USDT,10343.01,10419.97,10222.77,10332.25,20656.624,213270510.3,30436
1.56833E+12,9/13/2019 0:00,BTC/USDT,10414.96,10440.55,10153.51,10341.34,19252.721,198205401.8,29249
1.56825E+12,9/12/2019 0:00,BTC/USDT,10163.06,10450.13,10042.12,10415.13,15609.634,159494237.4,20060
1.56816E+12,9/11/2019 0:00,BTC/USDT,10094.27,10293.11,9884.31,10159.55,10897.922,109786235.8,13811
1.56807E+12,9/10/2019 0:00,BTC/USDT,10307,10382.97,9940.87,10102.02,9068.955,92717645.17,10089
1.56799E+12,9/9/2019 0:00,BTC/USDT,10316.62,10475.54,10077.22,10307,14824.373,152447209.6,11296
1.5679E+12,9/8/2019 0:00,BTC/USDT,10000,10412.65,10000,10391.63,3096.291,32096280.45,3754
